Team,G,PA,HR,R,RBI,SB,BB%,K%,ISO,BABIP,AVG,OBP,SLG,wOBA,xwOBA,wRC+,BsR,Off,Def,WAR,Age,G,AB,PA,H,1B,2B,3B,HR,R,RBI,BB,IBB,SO,HBP,SF,SH,GDP,SB,CS,AVG,GB,FB,LD,IFFB,Pitches,Balls,Strikes,IFH,BU,BUH,BB%,K%,BB/K,OBP,SLG,OPS,ISO,BABIP,GB/FB,LD%,GB%,FB%,IFFB%,HR/FB,IFH%,BUH%,wOBA,wRAA,wRC,Bat,Fld,Rep,Pos,RAR,WAR,Dol,Spd,wRC+,WPA,#NAME?,#NAME?,RE24,REW,pLI,phLI,PH,WPA/LI,Clutch,FB%,FBv,SL%,SLv,CT%,CTv,CB%,CBv,CH%,CHv,SF%,SFv,KN%,KNv,XX%,PO%,wFB,wSL,wCT,wCB,wCH,wSF,wKN,wFB/C,wSL/C,wCT/C,wCB/C,wCH/C,wSF/C,wKN/C,O-Swing%,Z-Swing%,Swing%,O-Contact%,Z-Contact%,Contact%,Zone%,F-Strike%,SwStr%,BsR,FA% (sc),FT% (sc),FC% (sc),FS% (sc),FO% (sc),SI% (sc),SL% (sc),CU% (sc),KC% (sc),EP% (sc),CH% (sc),SC% (sc),KN% (sc),UN% (sc),vFA (sc),vFT (sc),vFC (sc),vFS (sc),vFO (sc),vSI (sc),vSL (sc),vCU (sc),vKC (sc),vEP (sc),vCH (sc),vSC (sc),vKN (sc),FA-X (sc),FT-X (sc),FC-X (sc),FS-X (sc),FO-X (sc),SI-X (sc),SL-X (sc),CU-X (sc),KC-X (sc),EP-X (sc),CH-X (sc),SC-X (sc),KN-X (sc),FA-Z (sc),FT-Z (sc),FC-Z (sc),FS-Z (sc),FO-Z (sc),SI-Z (sc),SL-Z (sc),CU-Z (sc),KC-Z (sc),EP-Z (sc),CH-Z (sc),SC-Z (sc),KN-Z (sc),wFA (sc),wFT (sc),wFC (sc),wFS (sc),wFO (sc),wSI (sc),wSL (sc),wCU (sc),wKC (sc),wEP (sc),wCH (sc),wSC (sc),wKN (sc),wFA/C (sc),wFT/C (sc),wFC/C (sc),wFS/C (sc),wFO/C (sc),wSI/C (sc),wSL/C (sc),wCU/C (sc),wKC/C (sc),wEP/C (sc),wCH/C (sc),wSC/C (sc),wKN/C (sc),O-Swing% (sc),Z-Swing% (sc),Swing% (sc),O-Contact% (sc),Z-Contact% (sc),Contact% (sc),Zone% (sc),Pace,Def,wSB,UBR,Age Rng,Off,Lg,wGDP,Pull%,Cent%,Oppo%,Soft%,Med%,Hard%,TTO%,CH% (pi),CS% (pi),CU% (pi),FA% (pi),FC% (pi),FS% (pi),KN% (pi),SB% (pi),SI% (pi),SL% (pi),XX% (pi),vCH (pi),vCS (pi),vCU (pi),vFA (pi),vFC (pi),vFS (pi),vKN (pi),vSB (pi),vSI (pi),vSL (pi),vXX (pi),CH-X (pi),CS-X (pi),CU-X (pi),FA-X (pi),FC-X (pi),FS-X (pi),KN-X (pi),SB-X (pi),SI-X (pi),SL-X (pi),XX-X (pi),CH-Z (pi),CS-Z (pi),CU-Z (pi),FA-Z (pi),FC-Z (pi),FS-Z (pi),KN-Z (pi),SB-Z (pi),SI-Z (pi),SL-Z (pi),XX-Z (pi),wCH (pi),wCS (pi),wCU (pi),wFA (pi),wFC (pi),wFS (pi),wKN (pi),wSB (pi),wSI (pi),wSL (pi),wXX (pi),wCH/C (pi),wCS/C (pi),wCU/C (pi),wFA/C (pi),wFC/C (pi),wFS/C (pi),wKN/C (pi),wSB/C (pi),wSI/C (pi),wSL/C (pi),wXX/C (pi),O-Swing% (pi),Z-Swing% (pi),Swing% (pi),O-Contact% (pi),Z-Contact% (pi),Contact% (pi),Zone% (pi),Pace (pi),FRM,AVG+,BB%+,K%+,OBP+,SLG+,ISO+,BABIP+,LD+%,GB%+,FB%+,HR/FB%+,Pull%+,Cent%+,Oppo%+,Soft%+,Med%+,Hard%+,EV,LA,Barrels,Barrel%,maxEV,HardHit,HardHit%,Events,CStr%,CSW%,xBA,xSLG,xwOBA,H,1B,2B,3B
ATL,900,2344,103,348,338,23,10.20%,24.40%,0.215,0.322,0.268,0.349,0.483,0.355,,120,3.7,62.1,-11.8,11,28,900,2074,2344,556,320,130,3,103,348,338,239,13,573,23,7,1,39,23,4,0.268,574,575,356,40,9236,3410,5826,42,3,1,10.20%,24.40%,0.42,0.349,0.483,0.832,0.215,0.322,1,23.70%,38.10%,38.20%,7.00%,17.90%,7.30%,33.30%,0.355,70,364,58.5,-4.6,76.3,-7.2,113.4,11,$88.20,3.8,120,2.57,-41.92,44.49,66.61,6.38,0.99,1.72,29,5.12,-2.52,48.80%,93.1,20.10%,84.2,8.50%,88.2,8.20%,79.2,11.90%,84.6,2.50%,85.4,0.10%,54.4,0.50%,,55.2,-2.5,7.8,11.7,-3.5,-0.6,-0.1,1.22,-0.14,0.99,1.55,-0.32,-0.24,-2.35,31.70%,71.70%,48.30%,61.60%,82.10%,74.20%,41.60%,60.00%,12.40%,3.7,29.70%,,7.20%,3.10%,,19.20%,19.80%,7.60%,1.90%,,11.40%,,0.10%,,93.3,,88.4,85.1,,92.7,84.7,78.7,80.7,,84.5,,54.6,-2.8,,0.6,-4.4,,-5.4,1.2,3.9,4.4,,-2.3,,1.5,9.2,,5.1,3.6,,5.6,1.8,-4,-5.8,,3.8,,3,35.8,,8.5,-3,,15,-8.7,10.9,4.8,,-4.1,,-0.1,1.3,,1.27,-1.05,,0.84,-0.47,1.56,2.66,,-0.39,,-2.35,27.40%,69.10%,48.30%,55.20%,81.80%,74.30%,50.20%,,-11.8,1.1,0.9,21 - 37,62.1,-13.3,1.7,41.10%,33.50%,25.40%,16.00%,48.20%,35.80%,39.00%,11.70%,,8.50%,30.50%,8.00%,2.60%,0.10%,,18.00%,20.20%,,84.7,,79.3,93.6,88.4,85.4,54.7,,92.8,84.6,,-2.4,,4.2,-2.4,0.8,-3.7,1.4,,-5.3,2,,2.4,,-6.5,8.1,3.8,1.7,0.6,,3.9,0.2,,-5.9,,9.1,44.5,7,-1.5,-0.1,,6.4,-0.6,,-0.54,,1.16,1.57,0.94,-0.61,-2.35,,0.38,-0.03,,27.80%,68.80%,48.30%,55.90%,81.70%,74.30%,50.10%,,5.5,109,110,106,107,115,123,110,109,89,108,119,101,96,104,99,97,105,89.5,14.7,156,10.30%,115.6,644,42.70%,1509,14.70%,27.10%,,,,556,320,130,3
LAD,921,2316,118,349,327,29,9.80%,20.30%,0.227,0.276,0.256,0.338,0.483,0.35,,121,-5.1,56.9,-15.3,12,27,921,2042,2316,523,302,97,6,118,349,327,228,7,471,30,12,3,46,29,8,0.256,612,636,329,42,9011,3453,5558,52,9,4,9.80%,20.30%,0.48,0.338,0.483,0.821,0.227,0.276,0.96,20.90%,38.80%,40.30%,6.60%,18.60%,8.50%,44.40%,0.35,58.2,349,62.1,-7.8,75.4,-7.6,123.6,12,$96.20,4.5,121,7.06,-37.5,44.56,74.9,7.47,0.93,0.92,41,7.45,0.11,48.50%,93.5,20.20%,84.6,5.60%,88.7,10.10%,80.3,13.60%,85,1.90%,86.1,,,0.30%,,53.9,-2.5,6.8,3.1,2.5,-1.1,,1.23,-0.14,1.34,0.34,0.2,-0.64,,26.50%,69.20%,44.90%,61.60%,85.40%,77.40%,43.20%,59.50%,10.10%,-5.1,35.30%,,6.20%,2.00%,,13.10%,17.40%,11.10%,1.30%,0.00%,13.50%,,,,93.6,,88.6,85.9,,92.8,85.4,79.7,81.7,52.8,85,,,-2.2,,0.1,-8.3,,-2.6,1,0.8,2,1.6,-3.7,,,8.6,,5.3,3.6,,5.8,1.3,-3.3,-6,7.1,4,,,36.2,,9.5,1.8,,8.3,-10.3,9.9,-3.3,0,-4.2,,,1.14,,1.69,0.97,,0.7,-0.66,0.99,-2.94,3.77,-0.34,,,23.10%,66.00%,44.90%,53.50%,85.60%,77.50%,50.80%,,-15.3,0.6,-4.1,21 - 35,56.9,6.6,-1.6,41.60%,34.10%,24.30%,12.90%,45.10%,42.00%,35.30%,13.90%,0.00%,11.30%,35.40%,5.20%,1.70%,,,13.30%,18.80%,,85,52.7,80.1,93.8,87.7,85.6,,,92.3,85.1,,-3.6,1.4,1.3,-1.8,-0.7,-6.6,,,-2.4,1.4,,2.6,5.8,-5.4,7.8,3.8,2.1,,,4.1,-0.2,,-3,0,5.2,30.6,4.8,0.4,,,18.2,-7.9,,-0.24,3.77,0.51,0.96,1.02,0.24,,,1.51,-0.46,,23.00%,66.30%,44.90%,53.40%,85.60%,77.50%,50.60%,,-1.4,104,106,88,104,115,130,94,96,91,114,123,102,98,100,79,91,124,90,15,164,10.30%,113.1,695,43.80%,1587,16.70%,26.80%,,,,523,302,97,6
NYM,902,2279,86,286,278,20,8.60%,21.90%,0.187,0.32,0.272,0.348,0.459,0.347,,123,-11.1,55.4,-9.3,10.4,29,902,2023,2279,551,352,106,7,86,286,278,197,8,498,45,13,1,53,20,10,0.272,710,490,334,49,8801,3184,5617,52,5,4,8.60%,21.90%,0.4,0.348,0.459,0.807,0.187,0.32,1.45,21.80%,46.30%,31.90%,10.00%,17.60%,7.30%,80.00%,0.347,52.3,338,66.5,-2.4,74.2,-6.9,107.4,10.4,$83.60,3.6,123,-0.03,-42.4,42.37,19.43,2,1.03,1.56,37,4.16,-4.19,52.20%,92.6,15.50%,83,8.00%,88.7,10.70%,79.1,11.50%,84.1,2.10%,86,,,0.30%,,33.9,-1.5,0.7,-1,10.9,0.8,,0.74,-0.11,0.11,-0.1,1.08,0.42,,32.90%,71.70%,48.80%,63.50%,85.90%,77.00%,41.00%,62.10%,11.20%,-11.1,35.70%,,7.30%,2.10%,,16.10%,14.60%,10.20%,2.60%,,11.40%,,,,93.1,,88.7,84.5,,91.9,83.5,78.4,80.4,,84.4,,,-1.4,,0.4,-5.8,,-3.1,0.3,2.1,4.3,,-2.9,,,9.3,,5.2,2.6,,5.7,1.1,-3.9,-6.3,,4.4,,,32,,-2.9,-2.9,,-4,-2.3,-0.2,2.2,,13.7,,,1.02,,-0.45,-1.57,,-0.28,-0.18,-0.02,0.96,,1.36,,,28.90%,68.70%,48.80%,56.20%,85.70%,76.90%,50.10%,,-9.3,-2.2,-7.5,21 - 37,55.4,-12.9,-1.4,39.10%,35.70%,25.20%,17.30%,52.00%,30.70%,34.30%,11.50%,,10.80%,37.60%,7.40%,1.90%,,,14.60%,15.90%,0.00%,84.5,,79.2,93,88.8,85.2,,,92,83.3,0,-2.8,,3.1,-1.4,1,-4.8,,,-3,0.7,0,3,,-7.4,8.2,4.2,0.5,,,4,-0.4,0,12.2,,-1.2,26.5,0.8,-0.9,,,0.2,-2.5,0,1.2,,-0.13,0.8,0.13,-0.58,,,0.02,-0.18,-0.35,28.90%,68.60%,48.80%,56.40%,85.60%,76.90%,50.20%,,-0.9,111,93,95,107,109,107,109,100,108,90,117,96,102,103,107,104,91,88.4,9.8,116,7.50%,118.4,567,36.80%,1539,15.00%,26.20%,,,,551,352,106,7
SDP,913,2231,95,325,312,55,9.10%,21.50%,0.209,0.291,0.257,0.333,0.466,0.341,,116,2.1,47.9,7.4,13.1,27,913,1972,2231,506,296,103,12,95,325,312,204,6,479,28,14,12,37,55,13,0.257,659,518,320,41,8724,3264,5460,46,22,7,9.10%,21.50%,0.43,0.333,0.466,0.798,0.209,0.291,1.27,21.40%,44.00%,34.60%,7.90%,18.30%,7.00%,31.80%,0.341,39.3,319,45.8,14.7,72.7,-7.3,134.3,13.1,$104.50,5.8,116,5.18,-37.18,42.36,51.08,5.09,0.96,1.26,44,4.24,1.18,52.00%,93.3,18.00%,84.6,6.00%,89.5,9.70%,80.3,12.20%,85.4,2.20%,84.1,,,0.20%,,24.6,9.7,-0.6,5,5.2,-2.1,,0.54,0.62,-0.11,0.59,0.49,-1.11,,27.20%,65.90%,43.60%,64.20%,85.80%,78.10%,42.50%,61.40%,9.60%,2.1,35.80%,,6.80%,1.60%,,16.00%,16.20%,8.70%,2.30%,0.00%,12.50%,,,,93.3,,89.3,84,,93.3,85.3,79,81.2,53.5,85.4,,,-1.9,,-0.1,-7.7,,-4.1,0.6,2.1,3,-0.8,-2.4,,,9.1,,5.9,4,,5.3,1.5,-2.9,-6.1,7.9,4,,,11.5,,1.1,-0.2,,6,4.7,6.2,-2.3,-0.1,2.4,,,0.37,,0.19,-0.13,,0.43,0.33,0.82,-1.14,-6.37,0.22,,,23.70%,63.00%,43.60%,57.60%,85.50%,78.00%,50.60%,,7.4,3.7,-3.2,20 - 36,47.9,6.4,1.6,41.30%,33.80%,25.00%,15.00%,46.50%,38.40%,34.90%,12.30%,0.10%,10.00%,36.10%,6.70%,2.10%,,,15.70%,16.70%,,85.4,78.2,80,93.4,88.9,83.7,,,93.1,84.9,,-2,5.4,2.6,-1.5,0,-6.8,,,-4.2,1.2,,2.7,-3.7,-5.8,8.2,4.5,2.4,,,3.9,0.1,,2.3,0.1,2.6,19.9,-0.4,-0.5,,,-4.4,7.8,,0.22,1.51,0.3,0.63,-0.08,-0.26,,,-0.32,0.53,,23.90%,63.00%,43.60%,57.70%,85.50%,78.00%,50.50%,,-0.4,104,99,93,102,111,120,99,98,103,98,122,101,97,102,93,93,113,89.8,11.7,151,9.90%,115.7,639,42.00%,1520,18.70%,28.20%,,,,506,296,103,12
NYY,878,2210,94,315,301,27,11.40%,21.70%,0.2,0.28,0.247,0.342,0.447,0.341,,117,6,51.1,-8.3,9.9,28,878,1915,2210,473,285,87,7,94,315,301,251,5,480,30,11,1,51,27,7,0.247,629,494,314,37,9021,3587,5434,39,10,4,11.40%,21.70%,0.52,0.342,0.447,0.789,0.2,0.28,1.27,21.90%,43.80%,34.40%,7.50%,19.00%,6.20%,40.00%,0.341,38.7,316,45.1,-1.3,72,-7,102.2,9.9,$79.50,4.4,117,2.24,-36.81,39.05,48.18,4.77,0.92,1.82,36,4.1,-1.68,49.70%,93.2,17.60%,84.4,8.80%,88.5,9.90%,78.9,11.90%,83.9,2.10%,85.7,,,0.20%,,24.5,-7,6.9,2.6,5.1,6.7,,0.55,-0.44,0.87,0.29,0.48,3.54,,26.80%,67.30%,43.30%,60.40%,84.70%,75.80%,40.70%,57.90%,10.50%,6,32.40%,,7.80%,2.30%,,17.40%,16.70%,10.00%,1.80%,,11.60%,,,,93.6,,88.7,85.9,,92.4,84.9,78.6,81.3,,83.8,,,-2,,0.6,-5,,-6.1,1.3,2.4,3.1,,-2.5,,,9.4,,4.5,2.9,,5,1.4,-5,-5.7,,4.1,,,21.5,,3,7.2,,-4.7,-7.7,2.1,1.8,,5.1,,,0.74,,0.43,3.51,,-0.3,-0.51,0.23,1.06,,0.49,,,23.50%,63.80%,43.30%,54.00%,84.00%,75.70%,49.10%,,-8.3,0.6,6.9,21 - 40,51.1,-12.5,-1.5,43.00%,31.10%,25.90%,16.30%,49.70%,34.00%,37.30%,11.70%,,10.00%,33.10%,7.70%,2.20%,,,16.50%,18.60%,0.00%,83.9,,79.1,93.6,88.8,85.9,,,92.6,84.6,0,-2.3,,2.5,-1.8,1,-4.5,,,-6.2,2,0,2.7,,-7.9,8.3,3.4,1.3,,,3.6,-0.2,0,3.9,,4.4,25.6,4.5,7.5,,,-8.2,-10,0.2,0.37,,0.49,0.86,0.64,3.81,,,-0.55,-0.6,6.86,23.40%,64.00%,43.30%,53.60%,84.10%,75.70%,49.10%,,0.4,102,125,91,107,108,117,96,102,103,96,130,104,90,107,97,98,104,89.2,11.8,111,7.70%,121.3,566,39.10%,1449,16.80%,27.30%,,,,473,285,87,7
SFG,974,2259,81,299,290,19,8.60%,22.10%,0.187,0.311,0.263,0.335,0.451,0.337,,113,-3.2,34.2,-16.8,9.5,29,974,2019,2259,532,330,107,14,81,299,290,195,8,499,27,13,4,51,19,8,0.263,618,572,337,43,8768,3122,5646,35,10,3,8.60%,22.10%,0.39,0.335,0.451,0.785,0.187,0.311,1.08,22.10%,40.50%,37.50%,7.50%,14.20%,5.70%,30.00%,0.337,32.4,316,37.4,-9,73.6,-7.8,97.4,9.5,$75.80,4.4,113,1.36,-39.46,40.82,25.12,2.38,0.96,1.48,73,1.78,-0.36,51.90%,93.3,19.10%,85.3,4.90%,88.5,11.30%,80.1,11.70%,84.9,1.10%,84.9,,,0.30%,,17.3,6.9,-6.3,-2.2,5.3,0.7,,0.38,0.41,-1.47,-0.23,0.52,0.68,,31.40%,69.80%,47.60%,63.80%,84.20%,76.40%,42.20%,61.60%,11.20%,-3.2,38.30%,,5.90%,0.40%,,13.10%,17.30%,9.00%,3.10%,,12.70%,,,,93.5,,88.1,87.1,,92.9,85.6,78.9,82.9,,84.7,,,-1.8,,0.6,-5.5,,-3.6,1.2,1,2.6,,-2.6,,,9.1,,4.3,6.2,,5.2,1.7,-4.2,-5,,3.8,,,6.4,,-3.3,0.3,,4.2,2.4,5,-6.3,,8.8,,,0.19,,-0.63,0.82,,0.37,0.16,0.64,-2.33,,0.79,,,28.70%,66.60%,47.60%,58.10%,84.30%,76.30%,49.80%,,-16.8,-1.4,-1.1,23 - 37,34.2,6.4,-0.7,42.90%,34.00%,23.00%,16.30%,48.90%,34.90%,34.30%,11.80%,0.00%,10.90%,39.40%,4.70%,1.00%,,,12.40%,19.40%,0.00%,84.8,63.4,79.9,93.5,87.8,84.9,,,92.8,85.3,0,-2.5,6.7,1.9,-1.5,0.1,-2.8,,,-3.9,1.6,0,2.4,-9.7,-6.3,8.1,3.9,3.8,,,4,0,0,6.7,0,-3.1,4.6,-1.3,0.9,,,6.7,1.4,0,0.65,3.77,-0.32,0.13,-0.31,1.03,,,0.61,0.08,2.4,28.90%,66.60%,47.60%,58.50%,84.20%,76.30%,49.70%,,1,107,93,96,103,107,107,106,101,95,106,94,106,98,94,100,98,103,88.9,14.7,128,8.30%,114.6,604,39.30%,1538,16.60%,27.80%,,,,532,330,107,14
PHI,875,2223,82,306,289,35,10.30%,21.60%,0.183,0.299,0.257,0.342,0.439,0.336,,108,3.3,26.3,-18,6.6,28,875,1948,2223,500,318,90,10,82,306,289,229,16,480,28,10,8,40,35,8,0.257,597,556,305,55,8683,3280,5403,58,28,9,10.30%,21.60%,0.48,0.342,0.439,0.781,0.183,0.299,1.07,20.90%,40.90%,38.10%,9.90%,14.70%,9.70%,32.10%,0.336,30.9,310,22.9,-10.7,72.4,-7.2,68.1,6.6,$53.00,4.9,108,3.2,-39.11,42.31,39.79,3.84,1.03,1.56,46,3.81,-0.7,49.10%,93,17.80%,84.6,10.00%,88.3,10.10%,78.3,11.10%,84.3,1.90%,86.1,,,0.60%,,22.9,-0.6,-2.3,5.8,7.1,0.7,,0.54,-0.04,-0.26,0.66,0.73,0.43,,30.60%,68.70%,46.20%,62.30%,84.80%,76.00%,40.90%,59.20%,11.10%,3.3,31.70%,,9.70%,3.00%,,17.50%,16.30%,9.90%,1.60%,,10.30%,,,,93.1,,88.3,85.5,,92.6,84.8,77.7,82.3,,84.4,,,-2,,0.5,-5.6,,-4,0.8,2.3,2.5,,-1.5,,,9.5,,5.6,3.1,,5.5,1.6,-4.7,-5.9,,4.1,,,10.3,,-3.8,0.6,,7,5.5,2,-2.2,,5.3,,,0.38,,-0.46,0.24,,0.46,0.39,0.23,-1.54,,0.6,,,26.30%,65.90%,46.10%,57.70%,83.30%,76.00%,50.00%,,-18,1.7,-0.1,21 - 35,26.3,-12.6,1.7,39.90%,34.90%,25.20%,17.60%,49.50%,32.90%,35.60%,10.40%,,10.10%,32.20%,9.30%,2.60%,,,16.60%,18.00%,0.10%,84.5,,78.7,93.3,88.6,85.5,,,92.7,84.7,0,-1.7,,2.3,-2,0.9,-4.7,,,-3.8,1.4,0,2.6,,-7.4,8.4,4.7,1.2,,,3.8,0.2,0,7.4,,5.2,6.7,-3.1,0.4,,,9.6,0.4,0,0.81,,0.59,0.24,-0.38,0.16,,,0.67,0.02,-0.22,26.20%,66.00%,46.20%,57.40%,83.40%,76.00%,50.10%,,-0.1,104,111,93,105,104,105,102,96,96,108,98,98,100,103,109,99,97,88.2,14.1,131,8.80%,114.7,559,37.60%,1486,15.70%,26.80%,,,,500,318,90,10
CHW,889,2267,96,306,294,20,7.90%,25.20%,0.192,0.314,0.261,0.326,0.453,0.334,,112,-0.5,33.8,2.5,13.4,27,889,2047,2267,534,338,94,6,96,306,294,179,1,571,24,13,1,44,20,8,0.261,675,500,311,55,9019,3225,5794,64,4,0,7.90%,25.20%,0.31,0.326,0.453,0.779,0.192,0.314,1.35,20.90%,45.40%,33.60%,11.00%,19.20%,9.50%,0.00%,0.334,27.5,312,34.3,10.5,73.8,-8,137.9,13.4,$107.30,4,112,1.47,-36.47,37.94,25.55,2.58,0.9,1.09,22,3.49,-1.86,49.10%,93.2,22.00%,83.7,5.60%,87.8,11.80%,79.5,10.10%,84.2,1.40%,85,,,0.00%,,28.8,-8.7,-4,10.7,-2.9,2.7,,0.65,-0.44,-0.79,1.01,-0.32,2.14,,34.10%,67.10%,47.20%,59.30%,82.80%,72.50%,39.60%,60.30%,13.00%,-0.5,32.70%,,6.00%,1.40%,,16.40%,21.50%,9.40%,2.50%,,10.10%,,,,93.2,,87.8,84.9,,93,83.7,78.7,82.1,,84.2,,,-2.3,,1.4,-6.3,,-4.4,1.8,3.2,3.4,,-2,,,9.1,,3.8,1.6,,5.8,0.3,-5,-6.6,,3.9,,,14.2,,-4.8,-0.6,,12.8,-9.4,8.5,1.6,,0.1,,,0.48,,-0.89,-0.45,,0.86,-0.48,1.01,0.7,,0.01,,,30.70%,65.00%,47.20%,54.20%,81.80%,72.50%,48.00%,,2.5,-1.2,1.2,21 - 37,33.8,27.7,-0.5,36.70%,36.00%,27.20%,16.90%,49.90%,33.20%,37.30%,9.70%,0.00%,11.90%,33.60%,5.90%,1.90%,,,15.50%,21.40%,0.00%,84.3,68.7,79.9,93.4,88,85.2,,,93,83.6,0,-1.6,7.9,3.3,-2.2,1.8,-6,,,-4,2.6,0,2.7,-7.4,-7.1,8.1,3,0.2,,,4.5,-1.1,0,-2.1,0.5,17.5,12.2,-11.2,2.5,,,14.4,-13,0,-0.24,18.3,1.63,0.4,-2.08,1.46,,,1.03,-0.67,-4.37,30.70%,65.10%,47.20%,54.10%,81.80%,72.50%,48.00%,,6.3,107,87,106,102,109,112,108,98,107,94,131,89,105,112,101,98,102,88.7,11.2,142,9.50%,115.8,595,39.90%,1493,16.90%,29.80%,,,,534,338,94,6
BOS,884,2304,81,292,278,31,8.10%,23.70%,0.18,0.321,0.265,0.33,0.445,0.333,,106,-0.5,16.4,-5.6,7.1,28,884,2083,2304,552,346,118,7,81,292,278,187,8,545,21,9,4,51,31,9,0.265,691,542,311,41,9082,3257,5825,59,7,2,8.10%,23.70%,0.34,0.33,0.445,0.775,0.18,0.321,1.27,20.10%,44.80%,35.10%,7.60%,14.90%,8.50%,28.60%,0.333,25.4,315,16.9,1.1,75,-6.7,72.8,7.1,$56.60,4.3,106,-0.57,-39.31,38.75,-0.67,-0.15,0.93,1.44,22,-0.15,-0.46,53.30%,93.2,15.20%,84.3,6.80%,87.5,10.30%,79.1,12.40%,84.5,1.90%,85.7,0.10%,62.6,0.30%,,15.9,0.6,-5.1,13.4,-0.6,-5,0.5,0.33,0.04,-0.83,1.43,-0.05,-2.96,6.23,34.20%,69.20%,48.50%,61.50%,84.20%,74.70%,40.90%,59.50%,12.30%,-0.5,35.80%,,6.00%,2.90%,,17.50%,15.40%,9.10%,1.80%,,11.40%,,0.10%,,93.3,,87.5,85.7,,92.8,84.6,78.6,81.1,,84.4,,62.3,-1.2,,0.8,-6.9,,-2.7,1.3,2,2.4,,-0.2,,-1.8,9.7,,4.7,2.9,,5.7,1.5,-5.1,-6.2,,4.8,,-0.3,24.6,,-3.9,-7.8,,-11.3,-6,10.2,4,,-2,,0.5,0.76,,-0.72,-3.01,,-0.71,-0.43,1.24,2.46,,-0.2,,6.23,30.60%,66.50%,48.50%,55.30%,83.80%,74.80%,49.80%,,-5.6,0.6,-0.9,21 - 34,16.4,-13.1,-0.2,39.30%,37.00%,23.70%,16.10%,49.60%,34.30%,35.30%,11.50%,,10.20%,36.30%,5.90%,2.70%,0.10%,,16.90%,16.00%,0.10%,84.5,,79.2,93.5,87.6,86,62.6,,93.1,84.6,0,-0.4,,2.1,-1,0.9,-6.4,-0.7,,-2.6,1.6,0,3.3,,-7.5,8.5,3.8,1.2,-2.6,,4.3,-0.1,0,-1.9,,11,21.5,-1,-8.3,0.5,,-7.8,-5.7,0.1,-0.18,,1.18,0.65,-0.18,-3.34,6.23,,-0.5,-0.39,1.37,30.70%,66.40%,48.50%,55.30%,83.80%,74.80%,49.90%,,1.6,109,90,100,104,107,105,110,94,105,98,102,95,108,97,96,98,105,88.5,11,123,7.90%,116.7,568,36.60%,1551,15.50%,27.70%,,,,552,346,118,7
WSN,870,2218,66,293,279,33,8.70%,20.30%,0.17,0.308,0.264,0.336,0.433,0.33,,104,-3.6,7.4,-31.8,3.4,30,870,1968,2218,519,329,112,12,66,293,279,192,16,451,32,21,5,42,33,12,0.264,660,501,362,38,8813,3177,5636,44,20,8,8.70%,20.30%,0.43,0.336,0.433,0.769,0.17,0.308,1.32,23.80%,43.30%,32.90%,7.60%,13.20%,6.70%,40.00%,0.33,20,298,11,-24.5,72.2,-7.3,35.3,3.4,$27.40,5,104,-3.37,-39.12,35.74,16.87,1.74,0.98,1.55,31,1.34,-4.79,49.80%,92.9,18.50%,84.1,7.60%,87.7,9.60%,78.6,12.70%,84.3,1.80%,84.8,0.00%,60.7,0.60%,,0.1,2.7,4.1,-1.9,13.2,2.4,-0.1,0,0.16,0.61,-0.23,1.18,1.47,-4.49,32.10%,68.80%,47.10%,66.10%,87.00%,78.60%,40.90%,61.90%,10.10%,-3.6,32.90%,,7.60%,1.70%,,16.80%,16.60%,8.70%,2.90%,,12.80%,,,,93.1,,87.7,84.3,,92.4,84.7,77.7,80.7,,84.3,,,-2.4,,0.6,-3.4,,-4,1.2,2.1,4.3,,-2.5,,,9.2,,4.6,2.1,,5.3,1.6,-3.7,-5.3,,3.6,,,-3,,2.7,3.3,,-1.9,0.2,-2,-1.1,,12,,,-0.1,,0.4,2.25,,-0.13,0.02,-0.26,-0.42,,1.07,,,28.00%,66.40%,47.10%,59.80%,86.50%,78.50%,49.60%,,-31.8,-0.3,-3.2,20 - 36,7.4,-12.6,-0.1,36.90%,36.60%,26.40%,18.10%,50.00%,31.90%,32.00%,12.50%,,9.70%,33.60%,7.40%,1.90%,,,15.60%,18.60%,,84.5,,78.7,93.2,87.8,84.8,,,92.7,84.5,,-2.3,,3.1,-2,1.1,-3.6,,,-4.2,1.5,,2.2,,-6.8,8.1,3.6,0.8,,,3.8,0.1,,11.5,,-1.6,-1.8,3,2.8,,,-1.4,-1,,1.04,,-0.18,-0.06,0.46,1.64,,,-0.1,-0.06,,28.00%,66.40%,47.10%,59.90%,86.40%,78.50%,49.70%,,-3.9,107,93,88,103,103,97,105,109,101,93,88,91,105,108,112,100,94,87.7,11.2,98,6.40%,113.3,542,35.10%,1543,16.60%,26.70%,,,,519,329,112,12
LAA,890,2308,85,294,285,21,10.40%,21.20%,0.182,0.284,0.248,0.332,0.43,0.329,,108,-3.5,18.1,-14.5,8.3,28,890,2020,2308,501,311,97,8,85,294,285,239,8,490,25,18,6,49,21,8,0.248,657,570,318,69,9114,3399,5715,44,9,0,10.40%,21.20%,0.49,0.332,0.43,0.763,0.182,0.284,1.15,20.60%,42.50%,36.90%,12.10%,14.90%,6.70%,0.00%,0.329,18.3,308,21.6,-7.7,75.2,-6.8,85.4,8.3,$66.40,3.8,108,-0.53,-44.73,44.2,14.92,1.62,1.08,1.36,20,2.02,-2.51,52.70%,92.8,18.80%,84.5,7.20%,88.3,10.60%,79.3,9.00%,84.7,1.70%,83.8,,,0.30%,,-4,1.2,3.8,9.9,4.5,0.3,,-0.08,0.07,0.58,1.02,0.55,0.21,,27.20%,63.10%,42.80%,64.60%,85.50%,78.00%,43.60%,59.10%,9.40%,-3.5,32.40%,,7.80%,1.30%,,19.90%,17.50%,9.60%,1.90%,,9.50%,,,,93.2,,88.6,84.3,,92.5,84.5,78.4,82.1,,84.6,,,-2.2,,0.3,-7.9,,-1.7,0.9,0.6,3.9,,-2.6,,,9.4,,5.5,1.9,,5.6,1.3,-4.7,-6.5,,4,,,-13.7,,7.7,0,,3.4,-8.4,12.1,0.1,,4.3,,,-0.46,,1.08,0.04,,0.19,-0.53,1.38,0.08,,0.5,,,23.50%,60.40%,42.80%,58.00%,85.00%,77.90%,52.30%,,-14.5,-1.1,-1.2,21 - 40,18.1,6.6,-1.2,42.70%,33.10%,24.10%,14.50%,51.50%,34.00%,35.30%,8.90%,,10.80%,36.60%,7.20%,1.80%,,,17.00%,17.50%,0.00%,84.7,,79.3,92.9,87.8,83.9,,,92.8,84.4,0,-2.2,,1.4,-1.5,0.4,-7.5,,,-2.3,1.3,0,2.7,,-6.9,8.3,4.1,1,,,3.9,-0.3,0,5.3,,8.5,-11.5,8.1,-0.9,,,0.5,-4.4,-0.1,0.65,,0.86,-0.34,1.23,-0.53,,,0.03,-0.27,-2.78,23.60%,60.30%,42.80%,57.90%,85.10%,77.90%,52.30%,,1.6,102,114,89,104,104,106,98,96,100,103,102,103,96,99,87,102,104,89.1,13.7,108,6.90%,115.5,571,36.70%,1554,19.80%,29.20%,,,,501,311,97,8
TOR,910,2263,88,302,288,33,9.00%,22.40%,0.186,0.297,0.255,0.325,0.441,0.329,,104,-2.9,7.8,-14.2,5.3,27,910,2023,2263,516,320,104,4,88,302,288,203,4,508,12,14,8,39,33,6,0.255,648,530,343,44,8760,3246,5514,46,16,3,9.00%,22.40%,0.4,0.325,0.441,0.766,0.186,0.297,1.22,22.60%,42.60%,34.80%,8.30%,16.60%,7.10%,18.80%,0.329,16.7,301,10.7,-7.4,73.7,-6.8,54.5,5.3,$42.40,4.4,104,0.37,-41.86,42.23,16.25,1.45,1.05,1.98,35,-0.27,0.63,49.70%,93.1,17.50%,83.9,8.00%,87.6,9.50%,79.6,13.00%,83.8,2.20%,85.9,0.10%,59.7,0.10%,,10.3,-3,2.7,10.1,1.4,1.4,1.3,0.24,-0.19,0.38,1.22,0.12,0.75,14.94,30.20%,69.40%,46.60%,62.70%,84.10%,76.10%,41.80%,60.80%,11.20%,-2.9,33.20%,,7.60%,2.80%,,16.50%,16.10%,8.90%,2.40%,,12.30%,,0.10%,,93.5,,87.8,85.4,,92.1,84.4,78.5,82.5,,83.7,,60.3,-2.3,,0.5,-5.8,,-4.1,1.5,1.6,2.3,,-0.8,,-0.7,9.4,,4.5,2.7,,4.6,1.3,-4,-5.5,,4.2,,1.7,-10.8,,4.3,1.4,,19.4,-9.6,10.4,1.1,,0.6,,1,-0.37,,0.64,0.57,,1.34,-0.68,1.32,0.52,,0.05,,10.23,25.70%,67.00%,46.60%,55.20%,83.80%,76.00%,50.50%,,-14.2,2.3,-6.3,21 - 34,7.8,-12.8,1.1,41.00%,33.70%,25.30%,15.40%,51.40%,33.20%,35.30%,12.60%,,10.20%,34.30%,7.60%,2.50%,0.10%,,15.30%,17.30%,0.00%,83.8,,79.7,93.4,87.9,85.8,59.6,,92.4,84.1,0,-1,,2.4,-1.8,0.5,-5.3,0.7,,-4.5,1.8,0,2.7,,-6.6,8.4,3.4,1,-1.1,,3.1,-0.1,0,-0.9,,12,-14.3,0.2,3.3,1.3,,19.9,-5,0,-0.08,,1.34,-0.48,0.03,1.47,14.94,,1.48,-0.33,-4.37,25.90%,66.80%,46.60%,55.00%,83.90%,76.00%,50.60%,,-1.4,105,99,94,102,106,108,102,105,100,97,114,99,98,104,92,101,102,89.5,11.9,133,8.60%,117.4,643,41.80%,1540,16.10%,27.30%,,,,516,320,104,4
TBR,946,2261,80,289,274,48,10.70%,26.90%,0.187,0.3,0.238,0.328,0.425,0.325,,111,5.6,35.6,5.6,9.9,28,946,1975,2261,470,273,105,12,80,289,274,243,9,608,28,14,0,38,48,9,0.238,596,484,295,51,9199,3529,5670,43,6,5,10.70%,26.90%,0.4,0.328,0.425,0.753,0.187,0.3,1.23,21.50%,43.30%,35.20%,10.50%,16.50%,7.20%,83.30%,0.325,10.2,294,30,12.9,73.6,-7.3,102,9.9,$79.40,5.4,111,2.84,-41.13,43.96,23.5,2.38,1.04,2.2,66,1.53,1.19,48.70%,93.3,15.80%,84.6,8.50%,88.5,10.20%,78.7,14.20%,84.2,2.60%,86.4,,,0.30%,,-9.9,4.3,-1.3,12,8,-0.7,,-0.22,0.29,-0.16,1.28,0.61,-0.32,,28.90%,66.80%,44.40%,59.60%,80.50%,72.50%,40.90%,60.00%,12.20%,5.6,32.80%,,7.60%,3.60%,,16.00%,15.70%,8.10%,2.90%,,13.30%,,,,93.4,,88.7,85.6,,92.8,84.8,77.7,81.4,,84.2,,,-2.3,,0.5,-6.3,,-5.6,0.9,1.8,3.3,,-2.3,,,9.7,,5.2,3.5,,6.1,1.2,-4.9,-5.7,,4.2,,,-10.6,,-2.9,-2.1,,-2.2,1,15.8,-2.3,,6.4,,,-0.35,,-0.42,-0.64,,-0.15,0.07,2.12,-0.87,,0.52,,,25.60%,63.70%,44.40%,53.00%,80.70%,72.60%,49.30%,,5.6,4,1.1,23 - 36,35.6,-12.8,0.5,44.30%,33.20%,22.50%,17.10%,48.20%,34.70%,41.20%,13.50%,,10.60%,33.40%,7.90%,3.20%,,,15.10%,16.00%,0.10%,84.5,,79,93.7,88.9,85.9,,,93,84.8,0,-2.4,,2.3,-2.3,0.6,-5.7,,,-5,1.6,0,2.6,,-7.3,8.6,4.1,1.5,,,4.5,-0.3,0,5.2,,11.5,-11.7,-3.3,-1,,,-2.1,3.6,0.3,0.42,,1.18,-0.38,-0.45,-0.34,,,-0.15,0.25,4.72,25.60%,63.60%,44.40%,52.70%,80.70%,72.60%,49.50%,,-2.9,98,119,113,103,103,109,103,100,102,98,113,107,96,93,102,95,107,88.9,11.2,117,8.50%,114.8,537,38.90%,1382,17.00%,29.30%,,,,470,273,105,12
BAL,906,2242,77,274,264,19,7.30%,22.90%,0.171,0.309,0.258,0.321,0.429,0.323,,102,-4.1,1.2,-21,3.9,27,906,2026,2242,523,337,102,7,77,274,264,164,5,514,27,10,15,32,19,14,0.258,611,534,352,72,8757,3040,5717,58,40,16,7.30%,22.90%,0.32,0.321,0.429,0.75,0.171,0.309,1.14,23.50%,40.80%,35.70%,13.50%,14.40%,9.50%,40.00%,0.323,5.9,287,5.4,-13.7,73,-7.2,40.6,3.9,$31.60,3.6,102,-2.98,-42.73,39.75,-6.97,-0.64,1.03,2.08,43,-1.54,-1.36,49.50%,93.2,16.70%,84.1,8.70%,88.7,11.50%,79.4,10.40%,83.9,3.30%,85.6,,,0.20%,,8.8,1.7,3.4,2.4,-2.8,-1.8,,0.2,0.12,0.44,0.24,-0.31,-0.62,,36.60%,70.70%,50.40%,64.90%,83.60%,75.60%,40.40%,61.00%,12.30%,-4.1,31.80%,,8.00%,3.30%,,17.20%,16.20%,11.20%,1.80%,,10.40%,,,,93.8,,88.8,85.1,,92.6,84.3,78.6,82.8,,84,,,-2.9,,0.5,-5.2,,-3.9,1.8,2.7,3.1,,-2.2,,,9.7,,5,3.1,,5.6,1.2,-4.5,-5.7,,4.7,,,-2.8,,7.5,-1.3,,3.8,-5.3,8.9,-1.6,,-2.8,,,-0.1,,1.07,-0.46,,0.25,-0.38,0.9,-1,,-0.31,,,32.90%,69.00%,50.40%,59.80%,83.50%,75.50%,48.40%,,-21,-3.9,-3.1,23 - 35,1.2,-12.7,2.9,43.30%,32.30%,24.30%,19.60%,51.70%,28.70%,33.70%,10.70%,,11.40%,32.80%,8.00%,3.30%,,,16.20%,17.40%,0.10%,83.8,,79.6,93.8,88.8,84.8,,,92.6,84.2,0,-2.3,,3.6,-2.5,0.5,-4.7,,,-4.2,2.2,0,3.2,,-7.7,8.5,3.8,1.5,,,4,-0.3,0,1,,3.3,-5.8,9.8,-3.5,,,7.1,-5.4,-0.5,0.11,,0.33,-0.2,1.4,-1.23,,,0.5,-0.36,-5.75,33.00%,69.00%,50.40%,59.80%,83.60%,75.50%,48.30%,,-8.2,106,81,97,101,104,100,106,110,96,99,99,105,94,100,117,102,88,87,14,103,6.70%,113.2,513,33.40%,1537,14.50%,26.80%,,,,523,337,102,7
MIN,882,2168,91,269,258,14,8.60%,24.40%,0.186,0.283,0.242,0.315,0.427,0.319,,101,0.4,3.8,-3,9.5,29,882,1937,2168,468,293,81,3,91,269,258,186,9,528,29,14,2,38,14,7,0.242,557,549,312,55,8664,3233,5431,39,7,5,8.60%,24.40%,0.35,0.315,0.427,0.743,0.186,0.283,1.01,22.00%,39.30%,38.70%,10.00%,16.60%,7.00%,71.40%,0.319,-0.7,271,3.4,4,70.6,-6.9,98,9.5,$76.20,3,101,-0.74,-36.62,35.87,-5.19,-0.43,0.93,1.43,29,-0.11,-0.69,49.30%,93.3,19.70%,83.4,6.20%,88.3,10.90%,79.3,13.20%,84.4,0.70%,86.3,,,0.40%,,0.8,-2.7,-5.3,-0.5,2.7,0.1,,0.02,-0.16,-0.98,-0.05,0.24,0.18,,31.50%,67.60%,46.00%,61.00%,85.10%,75.20%,40.10%,57.10%,11.40%,0.4,33.80%,,6.50%,0.70%,,15.60%,18.70%,8.30%,3.10%,,13.20%,,,,93.6,,87.9,86.5,,92.8,83.6,78.3,80.7,,84.2,,,-1.9,,0.9,-7.1,,-3.4,1.7,3.4,3.2,,-2.9,,,9.6,,4,1.8,,5.6,0.2,-5.5,-6.1,,4.8,,,-0.5,,-6.8,-1.2,,-1,-4.3,4,-4.5,,1.6,,,-0.02,,-1.2,-1.89,,-0.07,-0.27,0.55,-1.67,,0.14,,,28.20%,65.00%,46.00%,55.40%,84.40%,75.20%,48.30%,,-3,-1.8,1.7,23 - 40,3.8,26.5,0.5,41.10%,33.50%,25.40%,18.00%,49.30%,32.70%,37.10%,13.00%,0.00%,11.00%,34.80%,5.60%,0.80%,,,14.50%,19.80%,0.10%,84.4,72,79.6,93.8,88.3,86.7,,,92.7,83.5,0,-2.7,7.2,3.5,-1.9,1.4,-6.6,,,-3,2.1,0,3.5,-10.4,-7.7,8.5,3.2,0.6,,,4.3,-1,0,2.2,-0.1,1.9,-3.4,-6.9,-1,,,0.1,-6.3,0.1,0.19,-6.04,0.2,-0.11,-1.4,-1.45,,,0.01,-0.37,0.73,28.30%,64.90%,46.00%,55.20%,84.40%,75.20%,48.50%,,-2,100,95,103,99,103,108,97,103,92,108,113,100,97,104,107,97,100,89.1,15.5,110,7.70%,115.8,563,39.50%,1425,16.60%,28.00%,,,,468,293,81,3
OAK,865,2201,71,274,264,26,10.80%,23.80%,0.171,0.271,0.225,0.322,0.396,0.314,,102,6.4,10.5,9.8,9.6,29,865,1908,2201,430,257,91,11,71,274,264,238,5,524,39,14,2,44,26,3,0.225,524,562,308,66,8848,3392,5456,27,6,1,10.80%,23.80%,0.45,0.322,0.396,0.718,0.171,0.271,0.93,22.10%,37.60%,40.30%,11.70%,12.60%,5.20%,16.70%,0.314,-11.1,265,4.1,17.3,71.7,-7.5,98.2,9.6,$76.40,5,102,0.1,-39.53,39.63,14.34,1.64,1.01,1.33,32,0.11,-0.01,49.40%,92.9,19.10%,84,6.10%,89.4,10.70%,80.2,13.00%,85.2,1.70%,84.9,,,0.20%,,5.9,-23.6,2.5,0.8,-5.7,-1.6,,0.13,-1.4,0.47,0.09,-0.49,-1.05,,27.40%,66.40%,44.00%,62.00%,83.80%,76.00%,42.50%,59.20%,10.50%,6.4,35.30%,,7.70%,1.20%,,13.80%,17.00%,8.90%,2.30%,,13.70%,,,,93,,89.1,84.1,,92.5,84.2,78.6,82.3,,85.3,,,-2.5,,0.1,-6.9,,-4.5,1.1,1.6,3.6,,-4.4,,,9.5,,5.5,1.6,,6,1.2,-4.1,-6.4,,4,,,6.9,,0.1,-1.7,,-5.4,-25.9,7.6,-2.6,,-8.2,,,0.22,,0.02,-1.62,,-0.44,-1.72,0.96,-1.27,,-0.67,,,23.40%,63.90%,44.00%,54.90%,83.40%,76.00%,50.90%,,9.8,2.2,3.9,22 - 36,10.5,6.3,0.3,42.30%,33.70%,24.00%,15.60%,51.30%,33.10%,37.80%,13.50%,0.00%,10.50%,35.90%,5.80%,1.20%,,,13.80%,19.00%,0.00%,85.3,65.1,79.9,93.3,89.1,83.7,,,92.4,84.3,0,-4,5.2,2.8,-2.5,0.1,-6.1,,,-3.1,1.5,0,2.5,-11.4,-6.7,8.5,4.1,0.3,,,4.5,0,0,-8.3,-0.2,5.3,11.9,-5.2,-2.4,,,-7.3,-22.9,-0.1,-0.7,-17.22,0.57,0.37,-1.01,-2.16,,,-0.6,-1.36,-5.21,23.50%,63.80%,44.00%,54.60%,83.60%,76.00%,50.90%,,1.6,93,119,100,101,96,100,93,103,88,112,86,102,98,99,93,101,102,89,17.1,107,7.60%,115.9,517,36.90%,1400,17.60%,28.10%,,,,430,257,91,11
CIN,889,2123,90,243,237,29,11.30%,25.20%,0.191,0.245,0.212,0.312,0.403,0.312,,88,-6,-38.1,-11.7,4.4,28,889,1842,2123,390,221,76,3,90,243,237,239,4,534,33,7,0,44,29,9,0.212,529,497,284,27,8771,3375,5396,25,5,1,11.30%,25.20%,0.45,0.312,0.403,0.715,0.191,0.245,1.06,21.70%,40.40%,37.90%,5.40%,18.10%,4.70%,20.00%,0.312,-14.1,252,-32.1,-3.3,69.1,-8.4,45.3,4.4,$35.20,3.8,88,-2.83,-36.46,33.63,-32.92,-3.2,0.92,1.3,68,-3.53,0.46,50.60%,92.8,18.50%,83.6,6.00%,87.2,13.90%,78.6,10.20%,83.7,0.70%,85.2,,,0.10%,,13.3,-15.8,-1.4,-13.2,-2.5,-0.9,,0.3,-0.97,-0.27,-1.08,-0.28,-1.48,,28.40%,66.40%,43.80%,58.80%,84.00%,74.20%,40.40%,60.40%,11.30%,-6,32.30%,,6.50%,0.50%,,18.40%,17.50%,11.50%,2.80%,,10.30%,,,,93.1,,87,86.4,,92.2,83.8,77.7,81.2,,83.5,,,-2,,1,-5.1,,-4.1,1.7,2.4,3.2,,-3.1,,,9,,3.4,3.7,,5.9,0.4,-5.1,-5.2,,4.2,,,4.9,,-2.8,-0.6,,3,-15.3,-13.7,-1.7,,-3.7,,,0.17,,-0.48,-1.36,,0.19,-0.99,-1.36,-0.71,,-0.41,,,25.50%,63.40%,43.80%,52.50%,83.50%,74.20%,48.30%,,-11.7,0.3,-3.9,22 - 36,-38.1,26,-2.4,42.70%,35.10%,22.10%,15.20%,50.80%,34.00%,40.70%,10.30%,0.00%,13.00%,34.10%,6.20%,0.50%,,,16.40%,19.20%,0.00%,83.8,70.2,78.6,93.4,87.7,86.6,,,92.2,83.6,0,-3,6.3,2.5,-2,1.1,-4.1,,,-3.6,2.2,0,2.9,-9.9,-7.3,8,2.8,1.9,,,4.3,-1,0,-4.9,-0.2,-13.5,4.8,-2.7,-0.4,,,5,-18.8,0,-0.54,-5.34,-1.17,0.16,-0.5,-0.75,,,0.35,-1.11,3.68,25.40%,63.30%,43.80%,52.50%,83.40%,74.20%,48.50%,,1.7,86,121,109,96,96,109,84,100,94,107,120,105,101,91,94,102,100,88.2,14.3,112,8.50%,113.2,486,36.90%,1317,17.60%,28.90%,,,,390,221,76,3
HOU,860,2229,69,279,268,22,8.60%,19.70%,0.168,0.273,0.24,0.312,0.408,0.311,,98,-0.6,-5.1,-19.9,5.2,27,860,1992,2229,478,294,103,12,69,279,268,192,5,440,23,13,6,39,22,11,0.24,635,586,335,66,8548,3132,5416,33,15,1,8.60%,19.70%,0.44,0.312,0.408,0.72,0.168,0.273,1.08,21.50%,40.80%,37.70%,11.30%,11.80%,5.20%,6.70%,0.311,-15.9,264,-4.5,-12.6,72.6,-7.3,53.9,5.2,$41.90,4.5,98,-0.78,-42.01,41.23,13.03,1.04,1.05,1.59,28,-1.86,1.12,50.80%,93.3,20.70%,84.6,6.10%,89.2,9.30%,79.9,11.30%,84.7,1.80%,85.8,,,0.20%,,-1.9,0.4,-5.7,-3.3,-6.4,3.5,,-0.04,0.02,-1.09,-0.42,-0.66,2.23,,30.80%,68.40%,46.20%,67.60%,87.80%,79.90%,41.00%,61.10%,9.30%,-0.6,33.40%,,8.30%,1.30%,0.00%,17.30%,18.10%,8.60%,1.10%,,11.80%,,,,93.4,,88.3,86,88,93.2,84.6,78.5,83.6,,84.7,,,-1.7,,0.5,-6.6,-10.1,-4.2,1.3,0.7,3.2,,-2.5,,,9.6,,5.1,3.9,6.8,6.3,1.1,-4.1,-4,,4,,,-1,,2.9,2.6,-0.5,-4.3,-13.8,-4.2,0.9,,-3.2,,,-0.04,,0.41,2.42,-25.67,-0.29,-0.89,-0.58,0.95,,-0.32,,,27.20%,66.00%,46.30%,61.60%,87.60%,79.80%,49.10%,,-19.9,-2,-0.2,22 - 37,-5.1,6.4,1.6,44.10%,34.00%,21.80%,15.30%,51.30%,33.40%,31.40%,11.80%,,9.00%,34.70%,6.90%,1.40%,,,15.90%,20.00%,,84.8,,79.7,93.3,88.7,86,,,93.4,84.7,,-2.5,,1.4,-1.4,0.3,-5.2,,,-4.6,1.7,,2.6,,-6.1,8.4,4.4,2.2,,,4.6,-0.4,,-5.3,,-0.4,-4.5,-2.1,1.3,,,-0.4,-8.9,,-0.53,,-0.06,-0.15,-0.35,1.04,,,-0.03,-0.52,,27.30%,66.00%,46.30%,61.80%,87.60%,79.80%,49.00%,,-1.8,99,95,83,98,98,98,94,100,96,105,81,107,99,90,91,101,103,88.2,14.4,90,5.70%,115,549,34.90%,1574,17.00%,26.30%,,,,478,294,103,12
CHC,908,2214,74,265,248,24,10.30%,25.70%,0.167,0.27,0.22,0.318,0.387,0.309,,90,4.7,-23.6,7.4,8.1,29,908,1918,2214,422,258,82,8,74,265,248,229,9,568,52,13,1,42,24,10,0.22,624,465,266,50,9086,3464,5622,48,9,5,10.30%,25.70%,0.4,0.318,0.387,0.705,0.167,0.27,1.34,19.60%,46.10%,34.30%,10.80%,15.90%,7.70%,55.60%,0.309,-20.7,257,-28.2,15.4,72.1,-8,83,8.1,$64.60,4.3,90,-2.3,-36.94,34.64,-10.15,-1.05,0.92,1.27,51,-1.09,-1.42,52.30%,93.1,20.60%,83.9,4.80%,87.6,11.00%,79.1,10.40%,84.6,0.80%,84.8,,,0.30%,,-8.8,-13.5,7.2,-1.3,-1.2,2.5,,-0.19,-0.72,1.63,-0.13,-0.13,3.28,,30.20%,64.10%,43.70%,57.60%,83.60%,72.80%,39.80%,57.20%,11.90%,4.7,34.30%,,5.30%,0.80%,,17.50%,19.80%,9.40%,2.20%,,10.50%,,,,93.4,,87.7,85,,93.2,84,77.6,80.2,,84.6,,,-2.1,,0.7,-6.1,,-4.6,1.7,2.4,3.1,,-2.3,,,9.2,,3.8,3.2,,5.9,0.1,-4.9,-6,,4.2,,,-11.4,,7,5.3,,-4.8,-10.8,-0.9,-2.8,,-5.6,,,-0.37,,1.43,7.02,,-0.3,-0.6,-0.11,-1.44,,-0.59,,,27.50%,61.50%,43.70%,50.70%,83.80%,72.90%,47.70%,,7.4,-1.2,7,21 - 36,-23.6,27.1,-1.1,42.30%,36.20%,21.50%,16.10%,49.30%,34.60%,39.30%,10.60%,,11.10%,36.70%,5.90%,0.70%,,,15.50%,19.10%,0.10%,84.1,,79.3,93.4,87.4,85.1,,,93.3,83.8,0,-2.1,,2.7,-2,1.1,-5.7,,,-4.5,2.2,0,2.9,,-7.5,8.1,2.3,1.3,,,4.4,-1.1,0,-2.3,,-3.7,-9.2,4.5,2.7,,,-5,-10.9,0.1,-0.24,,-0.37,-0.27,0.84,3.96,,,-0.36,-0.63,1.99,27.50%,61.70%,43.70%,50.60%,83.90%,72.90%,47.50%,,2.5,89,112,111,98,92,95,92,90,108,97,106,104,104,88,99,99,102,88.9,11.4,101,7.40%,116,544,39.90%,1365,18.00%,29.80%,,,,422,258,82,8
KCR,940,2200,68,248,237,49,7.80%,24.00%,0.158,0.297,0.244,0.309,0.402,0.308,,91,3.1,-20.3,-6.6,7,27,940,1988,2200,485,313,97,7,68,248,237,172,3,527,18,10,8,28,49,20,0.244,624,496,325,46,8625,3153,5472,34,34,10,7.80%,24.00%,0.33,0.309,0.402,0.711,0.158,0.297,1.26,22.50%,43.20%,34.30%,9.30%,13.70%,5.40%,29.40%,0.308,-22.4,254,-23.4,1.1,71.6,-7.7,71.7,7,$55.80,4.6,91,-6.39,-40.1,33.71,-39.05,-3.74,0.95,1.34,50,-4.3,-2.45,47.30%,93.1,21.80%,83.6,6.20%,88.2,10.90%,78.9,13.10%,84.2,0.70%,84,,,0.10%,,14.3,-8.3,-2.9,-2.6,-14,-0.6,,0.35,-0.44,-0.54,-0.27,-1.24,-0.88,,31.90%,69.20%,47.00%,60.30%,83.60%,74.20%,40.40%,59.20%,12.10%,3.1,32.00%,,6.40%,1.30%,,15.20%,21.70%,8.30%,2.50%,,12.60%,,,,93.3,,88,84.1,,92.6,83.6,78.3,80.3,,84.2,,,-2.1,,1.4,-4.7,,-5.2,1.9,3.4,2.2,,-2.9,,,9.2,,3.7,2.2,,5.3,0.6,-5.3,-6.7,,4.1,,,9.7,,-2.5,0.7,,2.4,-9.3,-2.4,-0.2,,-15.1,,,0.35,,-0.46,0.59,,0.19,-0.5,-0.34,-0.1,,-1.39,,,28.20%,67.00%,47.00%,53.60%,83.10%,74.00%,48.40%,,-6.6,-0.5,0.8,22 - 36,-20.3,26.9,2.8,41.50%,36.60%,21.90%,18.10%,51.90%,30.00%,34.90%,12.50%,,10.50%,33.30%,6.40%,1.30%,,,13.90%,21.90%,0.00%,84.3,,79.1,93.6,88.3,84.6,,,92.5,83.7,0,-2.8,,3.2,-2.2,1.7,-4.3,,,-4.6,2.4,0,2.8,,-7.3,8.1,2.7,0.8,,,3.8,-0.8,0,-15,,-0.4,13.6,0.3,0.2,,,-3.3,-13.9,0.1,-1.39,,-0.05,0.47,0.05,0.14,,,-0.27,-0.73,3.68,28.10%,67.10%,47.00%,53.50%,83.10%,74.00%,48.60%,,-0.9,100,86,101,97,97,92,102,105,101,96,94,101,106,90,108,102,92,87.1,11.6,101,6.80%,114,501,33.80%,1483,16.20%,28.30%,,,,485,313,97,7
MIA,904,2167,60,263,247,51,8.80%,24.80%,0.141,0.306,0.244,0.319,0.384,0.308,,95,4,-10.6,-10.7,3.6,28,904,1935,2167,472,325,82,5,60,263,247,191,6,537,25,9,6,37,51,14,0.244,666,449,283,42,8547,3173,5374,53,15,2,8.80%,24.80%,0.36,0.319,0.384,0.703,0.141,0.306,1.48,20.20%,47.60%,32.10%,9.40%,13.40%,8.00%,13.30%,0.308,-22.3,250,-14.6,-3.9,70.6,-6.8,36.9,3.6,$28.70,4.7,95,-0.49,-36.21,35.72,6.88,0.66,0.95,1.87,36,-1.1,0.58,50.10%,93.2,18.30%,85.2,6.50%,88,10.90%,78.7,12.30%,84.7,2.00%,84.5,,,0.30%,,-1.2,-1,-5.4,3.7,-4.9,-4.3,,-0.03,-0.06,-0.98,0.4,-0.47,-2.54,,32.80%,66.10%,46.20%,61.40%,83.30%,74.00%,40.30%,60.30%,12.00%,4,34.50%,,6.70%,2.60%,,15.40%,17.70%,8.90%,2.40%,,11.70%,,,,93.5,,87.8,84.6,,92.4,85.1,78.2,80.8,,84.7,,,-1.9,,0.3,-4.6,,-4.4,1.4,1.4,4.4,,-2.2,,,9.5,,4.8,2.6,,5.5,1.2,-4.7,-5.9,,4.2,,,-6.6,,-3.6,-11.8,,-1.5,-5.4,5.3,-1.7,,2,,,-0.22,,-0.62,-5.29,,-0.12,-0.36,0.7,-0.84,,0.2,,,28.70%,64.40%,46.20%,54.80%,82.80%,74.00%,49.10%,,-10.7,2.4,1,21 - 35,-10.6,-12.3,0.6,39.80%,34.00%,26.30%,16.30%,52.40%,31.20%,36.40%,11.80%,,10.50%,36.40%,7.50%,2.30%,,,13.60%,17.50%,0.00%,84.8,,79.2,93.6,87.8,84.8,,,92.5,84.9,0,-2.3,,2.2,-1.7,0.3,-4.2,,,-4.4,2,0,2.7,,-7.5,8.4,3.4,1,,,3.8,-0.2,0,-1.9,,6.7,-8.2,-0.8,-8.8,,,0.2,-11.3,0.1,-0.19,,0.74,-0.26,-0.12,-4.35,,,0.02,-0.75,1.62,28.60%,64.50%,46.30%,55.30%,82.50%,74.00%,49.20%,,-4.4,99,95,107,98,91,80,104,93,111,91,89,98,97,107,101,105,92,87.4,10.2,88,6.20%,112.6,485,34.30%,1414,16.40%,28.50%,,,,472,325,82,5
COL,888,2257,63,275,264,42,7.10%,24.10%,0.148,0.316,0.257,0.311,0.405,0.307,,77,10.8,-55.8,6.1,2.9,28,888,2057,2257,528,365,84,16,63,275,264,161,12,543,10,19,7,41,42,9,0.257,623,547,344,58,8803,3090,5713,48,26,9,7.10%,24.10%,0.3,0.311,0.405,0.716,0.148,0.316,1.14,22.70%,41.10%,36.10%,10.60%,11.50%,7.70%,34.60%,0.307,-23.5,260,-66.6,13.3,73.5,-7.2,30.2,2.9,$23.50,5.5,77,-5.19,-42.21,37.01,-46.27,-4.07,0.99,1.53,51,-5.78,0.54,54.40%,93.4,17.70%,85,5.60%,88.7,8.70%,80.5,11.50%,84.4,2.20%,84.4,,,0.50%,,8.3,-10.5,4.8,-16.1,-7.7,-3.1,,0.17,-0.67,0.97,-2.11,-0.76,-1.64,,33.00%,69.40%,48.50%,61.80%,84.90%,75.90%,42.50%,59.00%,11.70%,10.8,39.80%,,6.60%,1.50%,,14.10%,16.10%,8.00%,2.00%,,11.90%,,,,93.6,,88.7,85.2,,92.8,85.3,79.7,81.3,,84.6,,,-1.3,,0.1,-7.1,,-2.7,0.9,-0.1,2.5,,-2.8,,,8.5,,4.5,2.9,,5,1.5,-2.9,-5.7,,3.7,,,9.7,,7.8,-2.8,,-8.6,-21,-3.2,-4.1,,-10,,,0.28,,1.35,-2.07,,-0.69,-1.49,-0.46,-2.37,,-0.95,,,29.60%,66.50%,48.50%,54.90%,84.70%,75.80%,51.20%,,6.1,2.8,7.5,23 - 36,-55.8,6.4,0.5,38.00%,34.70%,27.30%,16.50%,50.60%,32.90%,34.00%,11.50%,0.00%,9.10%,38.60%,5.00%,2.10%,,,15.70%,17.40%,0.00%,84.5,65.1,80.4,93.8,88.5,84.2,,,92.5,85.2,0,-2.8,5.3,0.7,-1.1,0.1,-4.9,,,-2.6,1.1,0,2.2,-9.6,-5.4,7.8,3.9,1.8,,,3.7,0.3,0,-10.7,-0.2,-12,7.7,2,-3.2,,,-4.3,-13.1,0,-1.05,-18.37,-1.5,0.23,0.44,-1.69,,,-0.31,-0.85,2.4,29.60%,66.60%,48.60%,54.70%,84.70%,75.80%,51.20%,,-2.3,104,77,104,96,96,85,108,104,96,102,77,93,99,112,102,101,97,87,13.3,88,5.70%,112.8,487,31.60%,1543,16.20%,27.90%,,,,528,365,84,16
MIL,906,2188,75,247,238,15,10.10%,26.60%,0.166,0.278,0.223,0.313,0.389,0.307,,89,-17.6,-49.3,-5.7,4.2,28,906,1920,2188,429,266,83,5,75,247,238,221,8,582,35,10,0,53,15,11,0.223,586,438,320,39,8826,3374,5452,24,4,2,10.10%,26.60%,0.38,0.313,0.389,0.702,0.166,0.278,1.34,23.80%,43.60%,32.60%,8.90%,17.10%,4.10%,50.00%,0.307,-23.9,251,-31.7,1.5,71.3,-7.1,43,4.2,$33.50,3.3,89,-4.31,-40.82,36.51,-34.1,-3.32,0.98,1.6,65,-5.2,0.79,50.70%,92.8,19.30%,83.7,6.30%,87,12.30%,78.1,10.60%,84.2,0.80%,84.8,,,0.30%,,-7.4,-5.6,-12.7,-2.4,-6.2,-1.3,,-0.17,-0.33,-2.29,-0.22,-0.66,-1.78,,29.40%,65.90%,44.00%,55.60%,82.80%,71.90%,40.00%,58.80%,12.40%,-17.6,32.80%,,6.90%,0.50%,,17.50%,18.10%,10.00%,3.10%,,11.00%,,,,93,,87,85.8,,92.6,83.7,77.2,80.9,,84,,,-1.9,,1.2,-6.4,,-4.6,1.8,3.4,2.6,,-2.5,,,9.2,,3,3.1,,5.8,0.4,-6.2,-4.3,,4.4,,,9.2,,-12.3,1.1,,-23.1,-8.1,-5.4,4.6,,-8.6,,,0.32,,-2.01,2.28,,-1.5,-0.51,-0.61,1.68,,-0.89,,,26.00%,63.50%,44.00%,49.70%,81.80%,71.90%,48.10%,,-5.7,-3.4,-7.1,23 - 36,-49.3,26.8,-7.1,41.00%,36.00%,23.00%,16.50%,51.60%,31.90%,40.10%,10.10%,0.00%,12.30%,34.70%,6.20%,1.30%,,,15.80%,19.30%,,84.2,66.6,78.4,93.1,87.2,85.5,,,92.7,83.8,,-2.1,-8.9,3.6,-1.9,1.5,-5.7,,,-4.6,2,,3.2,-10.8,-8.2,8.2,2.2,0.2,,,4.4,-0.8,,-7.4,0,-6.1,8.2,-8.6,-2.3,,,-19.1,-8.6,,-0.83,2.4,-0.56,0.27,-1.57,-1.99,,,-1.36,-0.51,,26.20%,63.40%,44.00%,50.30%,81.60%,71.90%,48.00%,,5.8,91,109,115,96,92,95,95,109,102,92,114,101,103,94,102,103,94,88.2,12,107,7.90%,113.3,495,36.70%,1350,17.60%,30.00%,,,,429,266,83,5
STL,827,2011,51,240,231,18,10.20%,23.70%,0.137,0.29,0.234,0.323,0.371,0.306,,94,-0.7,-16.6,7.3,7.8,27,827,1752,2011,410,279,73,7,51,240,231,205,3,477,33,16,4,38,18,10,0.234,545,456,284,41,8189,3137,5052,47,10,1,10.20%,23.70%,0.43,0.323,0.371,0.694,0.137,0.29,1.2,22.10%,42.40%,35.50%,9.00%,11.20%,8.60%,10.00%,0.306,-22.7,230,-16,14.2,65.5,-6.9,80.7,7.8,$62.80,3.8,94,-1.16,-35.86,34.7,-5.33,-0.5,1.01,1.4,32,-2.88,1.72,49.10%,93.2,19.60%,83.9,6.50%,88.1,12.10%,78.5,11.50%,84.9,1.10%,86.2,,,0.10%,,-0.3,-1,-3.2,-3.5,-19.3,0.6,,-0.01,-0.06,-0.6,-0.35,-2.05,0.68,,28.50%,65.40%,43.60%,61.80%,83.80%,75.40%,41.00%,60.40%,10.70%,-0.7,32.60%,,7.10%,1.30%,,16.20%,18.20%,10.60%,2.30%,,11.40%,,,,93.3,,88,86.3,,93,84,78.3,79.8,,84.8,,,-3,,0.9,-6.1,,-5.4,2.8,3.8,3,,-4.4,,,9.4,,4,4.6,,5.8,0.5,-5.1,-5.9,,4.5,,,-9.7,,-4.2,0.8,,2.2,1.2,-7.4,0.7,,-20.1,,,-0.36,,-0.72,0.69,,0.17,0.08,-0.85,0.35,,-2.16,,,25.80%,62.30%,43.60%,56.40%,83.80%,75.50%,48.90%,,7.3,-2.4,0.6,21 - 38,-16.6,24.6,1.1,40.50%,36.10%,23.50%,16.90%,52.00%,31.00%,36.40%,11.50%,0.00%,11.70%,34.00%,6.30%,1.10%,,,15.00%,20.10%,0.00%,85.1,71.3,78.7,93.6,88.5,86.5,,,93.1,84,0,-4.3,6.3,3.8,-2.7,1.2,-5.1,,,-5.2,3.3,0,3.1,-10,-7.5,8.3,3.4,2.5,,,4.3,-1,0,-19.8,0,-7.2,-10.9,0.7,0.1,,,5.2,-4.7,0,-2.11,0.01,-0.75,-0.39,0.13,0.09,,,0.42,-0.28,-1.17,25.70%,62.20%,43.70%,56.30%,83.70%,75.50%,49.10%,,0.1,95,110,103,99,88,78,99,101,99,100,74,99,103,96,104,104,91,87.3,12.8,90,6.90%,111.5,451,34.80%,1296,17.80%,28.50%,,,,410,279,73,7
ARI,862,2238,58,269,255,23,8.10%,20.60%,0.15,0.282,0.241,0.312,0.391,0.306,,87,5.5,-31.2,1.1,4.8,28,862,1997,2238,482,311,101,12,58,269,255,181,5,461,36,23,1,37,23,7,0.241,670,538,339,54,8668,3093,5575,45,13,6,8.10%,20.60%,0.39,0.312,0.391,0.704,0.15,0.282,1.25,21.90%,43.30%,34.80%,10.00%,10.80%,6.70%,46.20%,0.306,-26.7,254,-36.7,8.1,72.9,-7,49.1,4.8,$38.20,4.7,87,-2.4,-38.72,36.32,-11.69,-1.62,0.97,1.1,26,-2.81,0.33,52.60%,93.7,18.80%,85,4.80%,89.6,8.40%,80.3,13.80%,84.8,1.60%,85,,,0.10%,,-18.2,3.8,2.5,5.9,-14.2,0.3,,-0.4,0.23,0.61,0.81,-1.18,0.22,,32.00%,68.10%,47.00%,63.10%,84.70%,76.10%,41.60%,59.90%,11.20%,5.5,37.50%,,5.70%,1.70%,,15.30%,17.00%,6.70%,2.50%,,13.60%,,,,93.7,,89.1,85.2,,93.4,85.4,78.6,82.8,,84.9,,,-2.4,,0.5,-8.4,,-2.5,0.9,1.3,2.9,,-2.9,,,9.3,,5.3,2.7,,5.8,1.4,-4.3,-5.1,,4.3,,,-20.1,,0.5,-2.2,,-0.8,5.5,1.6,1.9,,-15,,,-0.62,,0.1,-1.53,,-0.06,0.37,0.28,0.87,,-1.27,,,28.90%,65.60%,47.00%,56.50%,84.80%,76.00%,49.40%,,1.1,-0.1,4.1,23 - 35,-31.2,6.4,1.5,44.10%,34.00%,21.90%,15.60%,51.60%,32.90%,31.30%,13.80%,0.10%,7.90%,38.60%,4.70%,1.60%,,,14.20%,18.80%,0.00%,84.8,77.1,80,93.7,88.9,84.8,,,93,85,0,-2.8,4.3,2.2,-1.9,0.4,-7.6,,,-3,1.2,0,2.7,-6,-7.1,8.3,4.2,1.2,,,3.8,-0.1,0,-15.1,0.5,5.3,-23.3,6,-1.4,,,0.3,-0.2,0.3,-1.26,10.49,0.78,-0.69,1.5,-1,,,0.02,-0.01,7.12,28.70%,66.00%,47.00%,56.40%,84.80%,76.00%,49.20%,,4.6,98,87,89,96,93,86,96,101,101,98,72,108,97,90,96,103,97,88,12.5,85,5.40%,115.9,553,35.40%,1560,17.20%,28.40%,,,,482,311,101,12
CLE,869,2247,59,248,234,25,10.60%,23.00%,0.144,0.277,0.228,0.317,0.372,0.303,,90,-1.2,-29,6.1,7.6,27,869,1959,2247,446,286,96,5,59,248,234,239,4,517,24,16,7,40,25,10,0.228,636,515,290,57,9293,3620,5673,43,24,8,10.60%,23.00%,0.46,0.317,0.372,0.689,0.144,0.277,1.23,20.10%,44.10%,35.70%,11.10%,11.50%,6.80%,33.30%,0.303,-31.8,250,-27.8,13,73.2,-6.9,77.8,7.6,$60.50,3.6,90,-5.19,-42.45,37.26,-45.5,-4.33,1,1.55,37,-5.53,0.33,50.80%,93.1,20.40%,83.6,4.20%,87.8,10.80%,78.2,12.80%,84.1,0.90%,86.3,,,0.20%,,-11,-11.6,-10.1,-0.7,-1.3,2.3,,-0.23,-0.61,-2.59,-0.07,-0.11,2.72,,28.30%,67.30%,44.10%,62.90%,84.70%,76.40%,40.50%,57.90%,10.40%,-1.2,33.40%,,4.40%,0.90%,,17.30%,19.90%,9.40%,1.60%,,12.90%,,,,93.2,,87.6,86.4,,93,83.7,77.8,79.1,,84.1,,,-1.9,,1.1,-6.1,,-4.6,1.9,2.2,2.1,,-3.1,,,9.1,,4.4,2.3,,5.8,0.6,-5.8,-7,,4.3,,,-15.3,,-8.8,2.4,,-1,-14.9,-2,0,,-1.1,,,-0.49,,-2.18,2.72,,-0.06,-0.8,-0.23,0.02,,-0.09,,,24.70%,64.70%,44.10%,55.90%,84.70%,76.40%,48.50%,,6.1,-1.1,-1.3,22 - 38,-29,27.5,1.2,42.00%,32.90%,25.10%,17.00%,52.30%,30.70%,36.30%,11.90%,0.00%,10.50%,35.60%,4.30%,1.60%,,,15.30%,20.70%,0.00%,84.2,73.4,78.1,93.4,87.9,85.6,,,92.8,83.7,0,-2.6,10,2,-2,1.3,-6.5,,,-4.1,2.3,0,3.1,-4.8,-8,8.1,3.4,0.5,,,4.2,-0.8,0,2,0,0.6,-17.4,-9.9,-0.4,,,-1,-15.8,0,0.18,1.84,0.06,-0.52,-2.5,-0.26,,,-0.07,-0.82,-4.37,24.70%,64.70%,44.10%,56.10%,84.60%,76.40%,48.60%,,1.9,94,118,97,99,90,84,95,94,103,100,78,102,96,103,101,103,94,88.2,12.6,93,6.30%,114.7,519,35.40%,1467,16.50%,26.90%,,,,446,286,96,5
DET,882,2076,62,249,242,19,7.10%,27.30%,0.152,0.314,0.245,0.303,0.397,0.303,,90,-2.3,-27.6,-8,5.6,27,882,1893,2076,463,311,78,12,62,249,242,147,1,567,19,14,1,42,19,6,0.245,580,458,299,45,8257,2888,5369,32,4,2,7.10%,27.30%,0.26,0.303,0.397,0.7,0.152,0.314,1.27,22.40%,43.40%,34.30%,9.80%,13.50%,5.50%,50.00%,0.303,-28.9,232,-25.3,-0.5,67.6,-7.6,57.4,5.6,$44.60,4.6,90,-2.41,-38,35.59,-23.64,-2.28,0.98,1.09,31,-4.62,2.16,48.40%,93.3,22.40%,83.6,5.40%,87.9,11.60%,78.6,11.50%,84.8,0.60%,82,,,0.10%,,12.6,-27.3,-8.4,-8.1,-4.4,-0.1,,0.32,-1.47,-1.88,-0.85,-0.46,-0.15,,34.40%,69.60%,48.40%,56.50%,83.70%,72.00%,39.70%,60.20%,13.50%,-2.3,34.20%,,6.00%,0.60%,,14.00%,21.40%,9.00%,3.00%,,11.60%,,,,93.3,,87.7,82.4,,93.3,83.6,77.7,80.9,,84.7,,,-2.7,,1.1,-3.3,,-6.5,2,1.3,2.7,,-4.3,,,9.6,,3.9,1.9,,5.4,0.3,-5.9,-6.3,,4.3,,,10.7,,-11,0.4,,-1.4,-26.4,-6.8,-0.4,,-5.6,,,0.38,,-2.22,0.81,,-0.12,-1.5,-0.91,-0.17,,-0.58,,,30.90%,67.30%,48.40%,50.30%,82.60%,71.90%,48.00%,,-8,-0.3,-0.7,21 - 37,-27.6,25.4,-1.3,40.00%,34.90%,25.10%,17.70%,52.60%,29.70%,37.40%,10.50%,,11.40%,35.90%,5.70%,1.60%,,,12.50%,22.30%,,84.7,,78.7,93.5,88,83.7,,,93.2,83.6,,-3.7,,1.9,-2.5,1.4,-5.5,,,-6.6,2.5,,3.3,,-8,8.5,3.1,0.1,,,3.9,-1,,-3.2,,-8.2,21.5,-11.9,-2,,,-12.1,-25.3,,-0.37,,-0.87,0.73,-2.52,-1.55,,,-1.18,-1.37,,31.00%,67.30%,48.40%,50.30%,82.60%,71.90%,48.00%,,-4.3,101,78,115,95,96,89,108,104,102,95,93,97,101,103,106,104,91,88.5,12.6,97,7.20%,114.4,529,39.40%,1343,16.50%,30.00%,,,,463,311,78,12
SEA,843,2181,60,254,244,50,9.50%,25.00%,0.144,0.281,0.226,0.309,0.37,0.298,,91,7,-16.2,-5.7,5.4,27,843,1929,2181,435,282,88,5,60,254,244,207,5,545,30,12,3,35,50,16,0.226,605,502,283,49,8698,3260,5438,38,9,2,9.50%,25.00%,0.38,0.309,0.37,0.678,0.144,0.281,1.21,20.40%,43.50%,36.10%,9.80%,12.00%,6.30%,22.20%,0.298,-40.3,233,-23.2,1.4,71,-7.1,55.3,5.4,$43.00,4.6,91,-0.64,-35.2,34.56,-7.76,-0.83,0.91,1.68,25,-2.83,2.12,52.50%,93.3,17.70%,84.2,4.20%,88.6,10.70%,79.7,13.20%,84.8,1.60%,85.6,,,0.20%,,-14.9,-12.7,-0.6,-4.8,-8,4.3,,-0.33,-0.82,-0.17,-0.52,-0.69,3.02,,27.60%,64.90%,43.60%,56.80%,82.80%,73.40%,43.00%,60.00%,11.60%,7,38.80%,,5.00%,1.00%,0.00%,13.30%,16.50%,8.80%,2.60%,,13.90%,,,,93.3,,88.7,86.6,87.8,92.9,84.7,78.5,81.9,,84.8,,,-1.3,,0.4,-6.7,-9.6,-3.3,1,1.2,3.7,,-3.1,,,9.7,,5.8,3.7,8,5.5,1.3,-5.1,-6.4,,4.4,,,-17.2,,-5.7,0.5,0,-3,-11.7,-2.5,-0.7,,-4.6,,,-0.51,,-1.32,0.6,-4.37,-0.26,-0.82,-0.33,-0.3,,-0.38,,,24.20%,62.50%,43.60%,51.60%,81.60%,73.40%,50.70%,,-5.7,1.4,5.3,23 - 36,-16.2,6.2,0.3,38.20%,37.30%,24.50%,17.60%,51.00%,31.50%,37.20%,13.20%,0.00%,11.00%,38.90%,3.10%,1.60%,,,14.00%,17.80%,0.00%,84.9,64.8,79.7,93.6,87.9,85.7,,,92.7,84.7,0,-3,7.8,1.8,-1.5,0.2,-5.2,,,-2.1,1.5,0,2.9,-9.3,-7.4,8.5,4.6,2.4,,,4.3,-0.1,0,-8.7,-0.5,-3.8,-12.6,-4,3.4,,,-8,-10.6,0,-0.75,-15.25,-0.4,-0.37,-1.47,2.51,,,-0.66,-0.68,-0.99,24.00%,62.40%,43.60%,52.00%,81.30%,73.40%,51.10%,,-2.6,93,105,105,97,89,84,96,95,102,101,82,92,109,101,105,101,97,87.8,12.7,98,7.00%,112.8,502,35.90%,1399,18.70%,30.30%,,,,435,282,88,5
TEX,865,2147,62,224,204,49,7.80%,25.50%,0.147,0.266,0.217,0.285,0.364,0.283,,77,3,-57.3,-17.8,0.1,28,865,1936,2147,420,269,80,9,62,224,204,167,3,548,24,18,2,33,49,14,0.217,617,495,275,65,8428,3022,5406,40,20,9,7.80%,25.50%,0.3,0.285,0.364,0.648,0.147,0.266,1.25,19.80%,44.50%,35.70%,13.10%,12.50%,6.50%,45.00%,0.283,-67.3,202,-60.3,-10.3,69.9,-7.5,0.9,0.1,$0.70,5.1,77,-4.4,-38.11,33.71,-52.76,-5.24,0.95,1.56,30,-5.99,1.36,50.20%,92.8,18.70%,83.6,7.20%,88.3,11.00%,79.3,10.80%,84.7,2.10%,84.7,,,0.10%,,-5.5,-30.2,-14.5,-9.2,-1.1,1.2,,-0.13,-1.92,-2.37,-0.99,-0.12,0.69,,29.70%,67.00%,45.60%,60.40%,82.20%,74.10%,42.80%,61.80%,11.80%,3,34.50%,,6.70%,1.20%,,15.40%,17.40%,10.80%,2.30%,,11.80%,,,,93,,88.7,84.6,,92.2,84.3,78.5,82.4,,84.7,,,-2.1,,-0.1,-7.7,,-0.8,1.2,1.3,4.5,,-1.7,,,9.6,,6,4.1,,5.6,1.6,-4.3,-5.6,,4,,,-8.2,,-16.1,4,,-3.8,-26.5,-9.5,-3.1,,-4.9,,,-0.28,,-2.86,3.85,,-0.29,-1.81,-1.05,-1.59,,-0.49,,,26.90%,64.00%,45.70%,55.10%,81.70%,74.00%,50.50%,,-17.8,2.3,2.5,21 - 37,-57.3,6.1,-1.8,39.70%,36.50%,23.70%,16.60%,48.20%,35.20%,36.20%,10.90%,,12.30%,35.50%,6.50%,1.80%,,,15.00%,17.70%,0.00%,84.9,,79.4,93.2,87.7,84.2,,,92.1,84.3,0,-1.4,,2.3,-1.8,-0.1,-7,,,-0.9,1.3,0,2.5,,-6.3,8.4,4.5,2.3,,,4.5,-0.1,0,-3.8,,-12.1,-13.2,-18.4,3,,,3.2,-26.9,0,-0.42,,-1.17,-0.44,-3.33,1.93,,,0.25,-1.81,1.56,26.90%,63.80%,45.70%,54.50%,82.00%,74.00%,50.80%,,-1.6,89,86,107,89,88,86,91,92,104,99,86,96,106,98,99,95,108,88.6,12.5,100,7.10%,113.5,521,37.00%,1408,18.30%,30.10%,,,,420,269,80,9
PIT,873,2134,59,219,210,16,7.80%,24.40%,0.137,0.268,0.22,0.284,0.357,0.279,,73,-2.3,-77,-9,0.9,27,873,1932,2134,425,284,76,6,59,219,210,167,6,521,11,15,7,34,16,11,0.22,661,478,284,42,8352,3069,5283,41,10,2,7.80%,24.40%,0.32,0.284,0.357,0.641,0.137,0.268,1.38,20.00%,46.50%,33.60%,8.80%,12.30%,6.20%,20.00%,0.279,-73,195,-74.7,-2.2,69.5,-6.8,9.6,0.9,$7.50,3.4,73,-7.14,-44.12,36.98,-59.88,-5.83,1.09,2.09,26,-7.04,0.48,50.80%,93,18.00%,83.1,6.90%,88.1,12.30%,78.3,11.40%,84.6,0.60%,84.6,,,0.30%,,-33.6,-18.1,2.6,-11,-5.3,-2.4,,-0.79,-1.2,0.44,-1.07,-0.55,-4.94,,32.20%,69.30%,47.10%,57.80%,84.50%,73.60%,40.20%,59.00%,12.40%,-2.3,32.80%,,7.10%,0.50%,,17.90%,17.20%,9.90%,2.90%,,11.60%,,,,93.2,,88,85.8,,92.5,83.2,77.7,80,,84.5,,,-2.2,,1.2,-5.4,,-4.8,1.2,3.8,2.9,,-4.4,,,9.2,,4.1,2.5,,5.5,0.2,-5.5,-7.9,,3.9,,,-27.2,,1.7,-2.3,,-13.7,-14.9,-8.3,-6,,-7.2,,,-0.99,,0.29,-6.16,,-0.92,-1.04,-1.01,-2.51,,-0.74,,,29.00%,66.60%,47.10%,51.50%,84.00%,73.70%,48.30%,,-9,-3,-0.2,23 - 35,-77,26.1,0.9,39.10%,35.20%,25.80%,16.70%,50.20%,33.00%,35.00%,11.30%,,11.90%,34.10%,6.70%,0.70%,,,16.50%,18.50%,0.00%,84.7,,78.4,93.5,88.5,85.4,,,92.5,83.2,0,-4.2,,3.8,-2.3,1.2,-5.5,,,-4.4,1.7,0,2.6,,-8.2,8.2,3.4,0.4,,,3.9,-1.2,0,-5.8,,-12.5,-28.3,3.9,-3.2,,,-12.9,-19.5,-0.1,-0.61,,-1.25,-0.99,0.69,-5.37,,,-0.93,-1.26,-2.78,29.10%,66.60%,47.10%,51.70%,84.00%,73.70%,48.10%,,3.1,89,84,106,87,85,78,91,92,108,95,82,96,101,105,103,101,97,88.1,10.2,99,6.90%,114.2,527,36.70%,1435,15.90%,28.30%,,,,425,284,76,6
